{
  "seeds": [
    0,
    1,
    2,
    3,
    4
  ],
  "deep_final_mse": [
    0.0001766385103110224,
    0.014286243356764317,
    0.014290865510702133,
    0.007288699503988028,
    0.01428705733269453
  ],
  "shallow_final_mse": [
    0.028022900223731995,
    0.01725403591990471,
    0.0313589945435524,
    0.040722060948610306,
    0.02957048825919628
  ],
  "deep_mean": 0.010065900842892005,
  "deep_std": 0.005638973953645452,
  "shallow_mean": 0.02938569597899914,
  "shallow_std": 0.007503007586240558
}