{
  "k": 4,
  "theoretical_sigma_star": 0.0625,
  "empirical_sigma_star": 0.03,
  "H2_supported": true,
  "sigmas": [
    0.0,
    0.0001,
    0.0003,
    0.001,
    0.003,
    0.01,
    0.03,
    0.0625,
    0.1,
    0.2
  ],
  "deep_mse_mean": [
    0.032569516173381885,
    0.03257100173291292,
    0.032583239927407706,
    0.03272032343666069,
    0.03389307097531855,
    0.04542374312877655,
    0.10230898559093475,
    0.13795050084590912,
    0.14355524331331254,
    0.15551456362009047
  ],
  "shallow_mse_mean": [
    0.042107169330120084,
    0.04210767447948456,
    0.04211530387401581,
    0.04219742938876152,
    0.04287799075245857,
    0.04979953542351723,
    0.08445836752653121,
    0.10728362798690796,
    0.11205340176820755,
    0.12259965240955353
  ]
}