model,params,final_mse_mean,final_mse_std
deep,1953,0.010065900842892005,0.005638973953645452
shallow,1954,0.02938569597899914,0.007503007586240558
